<?xml version="1.0" encoding="utf-8"?>
<ArrayOfSettingItem xmlns:xsi="http://www.w3.org/2001/XMLSchema-instance" xmlns:xsd="http://www.w3.org/2001/XMLSchema">
  <SettingItem>
    <Name>preset</Name>
    <Value xsi:type="Preset">
      <Name>SURFACE</Name>
      <Abbreviation>SURF</Abbreviation>
      <ReadoutNames>
        <string>Surface.AltitudeSeaLevel</string>
        <string>Surface.AltitudeTerrain</string>
        <string>Surface.Biome</string>
        <string>Miscellaneous.Separator</string>
        <string>Surface.VerticalSpeed</string>
        <string>Surface.HorizontalSpeed</string>
        <string>Miscellaneous.Separator</string>
        <string>Surface.Slope</string>
        <string>Surface.ImpactTime</string>
        <string>Surface.ImpactBiome</string>
      </ReadoutNames>
    </Value>
  </SettingItem>
</ArrayOfSettingItem>